{
  "standard_v1__support__coxnet": {
    "uno_c": {
      "mean": 0.5733599066734314,
      "std": 0.002662912180064922,
      "median": 0.5738484263420105,
      "iqr": 0.003610074520111084,
      "n": 15.0
    },
    "harrell_c": {
      "mean": 0.5702518820762634,
      "std": 0.0032988429193276845,
      "median": 0.5695049166679382,
      "iqr": 0.006031215190887451,
      "n": 15.0
    },
    "ibs": {
      "mean": 0.21071157455444336,
      "std": 0.003915497075271403,
      "median": 0.21261025965213776,
      "iqr": 0.006036415696144104,
      "n": 15.0
    },
    "td_auc_25": {
      "mean": 0.5419456124305725,
      "std": 0.008512574832275339,
      "median": 0.5410937666893005,
      "iqr": 0.007415711879730225,
      "n": 15.0
    },
    "td_auc_50": {
      "mean": 0.5633738517761231,
      "std": 0.008042714492522238,
      "median": 0.5669295787811279,
      "iqr": 0.012065529823303223,
      "n": 15.0
    },
    "td_auc_75": {
      "mean": 0.6011296272277832,
      "std": 0.004909183794883152,
      "median": 0.6000134944915771,
      "iqr": 0.008114933967590332,
      "n": 15.0
    },
    "n_runs": 15
  }
}