{
  "config": {
    "label_time": "time",
    "label_event": "event",
    "eval_metric": "harrell_c",
    "presets": "medium",
    "num_trials": null,
    "random_state": 42,
    "verbose": false,
    "enable_foundation_models": false
  },
  "best_method_id": "deepsurv",
  "best_params": {
    "hidden_layers": "128",
    "activation": "gelu",
    "dropout": 0.16160146601037761,
    "batch_norm": false,
    "optimizer": "adam",
    "lr": 0.004316871138429612,
    "weight_decay": 1.815145649657757e-06,
    "batch_size": 64,
    "max_epochs": 107,
    "patience": 28,
    "device": "auto"
  },
  "portfolio_notes": [],
  "dataset_diagnostics": {
    "n_rows": 548,
    "n_features": 8,
    "n_events": 309,
    "event_rate": 0.5638686131386861,
    "censoring_rate": 0.4361313868613139,
    "missing_fraction": 0.0,
    "feature_type_counts": {
      "numerical": 5,
      "categorical": 3
    },
    "high_cardinality_features": [],
    "id_like_features": [],
    "warnings": []
  },
  "test_metrics": {
    "test_uno_c": 0.5338994264602661,
    "test_harrell_c": 0.545304000377655,
    "test_ibs": 0.16663852334022522,
    "test_td_auc_25": 0.6056708097457886,
    "test_td_auc_50": 0.6216551065444946,
    "test_td_auc_75": 0.47854065895080566
  },
  "trained_models": [
    "coxph",
    "coxnet",
    "rsf",
    "deepsurv"
  ],
  "per_model_test_metrics": {
    "coxph": {
      "test_uno_c": 0.5245205760002136,
      "test_harrell_c": 0.5400993824005127,
      "test_ibs": 0.16099578142166138,
      "test_td_auc_25": 0.5603816509246826,
      "test_td_auc_50": 0.5792182087898254,
      "test_td_auc_75": 0.46436887979507446
    },
    "coxnet": {
      "test_uno_c": 0.5234975814819336,
      "test_harrell_c": 0.5391530394554138,
      "test_ibs": 0.16102032363414764,
      "test_td_auc_25": 0.5603816509246826,
      "test_td_auc_50": 0.5786088109016418,
      "test_td_auc_75": 0.46436887979507446
    },
    "rsf": {
      "test_uno_c": 0.5322563052177429,
      "test_harrell_c": 0.5346581339836121,
      "test_ibs": 0.16071532666683197,
      "test_td_auc_25": 0.5948415994644165,
      "test_td_auc_50": 0.5583916306495667,
      "test_td_auc_75": 0.5210495591163635
    },
    "deepsurv": {
      "test_uno_c": 0.5338994264602661,
      "test_harrell_c": 0.545304000377655,
      "test_ibs": 0.16663852334022522,
      "test_td_auc_25": 0.6056708097457886,
      "test_td_auc_50": 0.6216551065444946,
      "test_td_auc_75": 0.47854065895080566
    }
  },
  "results": [
    {
      "method_id": "coxph",
      "selection_score": 0.5138611396153768,
      "validation_metrics": {
        "validation_uno_c": 0.5249606966972351,
        "validation_harrell_c": 0.5138611396153768,
        "validation_ibs": 0.15882210433483124,
        "validation_td_auc_25": 0.4950225055217743,
        "validation_td_auc_50": 0.556023895740509,
        "validation_td_auc_75": 0.5683618585268656,
        "validation_primary_metric": 0.5138611396153768
      },
      "fit_time_sec": 0.6903034999995725,
      "n_trials_completed": 8,
      "params": {
        "alpha": 0.5061576888752303
      },
      "status": "success",
      "error": null,
      "error_type": null
    },
    {
      "method_id": "coxnet",
      "selection_score": 0.5138656993707021,
      "validation_metrics": {
        "validation_uno_c": 0.5249788165092468,
        "validation_harrell_c": 0.5138656993707021,
        "validation_ibs": 0.15882861614227295,
        "validation_td_auc_25": 0.49508993824323017,
        "validation_td_auc_50": 0.5561554630597433,
        "validation_td_auc_75": 0.5680094460646311,
        "validation_primary_metric": 0.5138656993707021
      },
      "fit_time_sec": 0.278356958000586,
      "n_trials_completed": 8,
      "params": {
        "alpha": 0.00017670169402947956,
        "l1_ratio": 0.9531785910894203
      },
      "status": "success",
      "error": null,
      "error_type": null
    },
    {
      "method_id": "rsf",
      "selection_score": 0.5267876386642456,
      "validation_metrics": {
        "validation_uno_c": 0.5221461554368337,
        "validation_harrell_c": 0.5267876386642456,
        "validation_ibs": 0.16258097191651663,
        "validation_td_auc_25": 0.5181919932365417,
        "validation_td_auc_50": 0.5477217435836792,
        "validation_td_auc_75": 0.5035903652509054,
        "validation_primary_metric": 0.5267876386642456
      },
      "fit_time_sec": 7.312793375000183,
      "n_trials_completed": 8,
      "params": {
        "n_estimators": 158,
        "max_depth": 25,
        "min_samples_split": 10,
        "min_samples_leaf": 2,
        "max_features": "sqrt"
      },
      "status": "success",
      "error": null,
      "error_type": null
    },
    {
      "method_id": "deepsurv",
      "selection_score": 0.5321633418401083,
      "validation_metrics": {
        "validation_uno_c": 0.5364269614219666,
        "validation_harrell_c": 0.5321633418401083,
        "validation_ibs": 0.15590046842892966,
        "validation_td_auc_25": 0.5394497712453207,
        "validation_td_auc_50": 0.5881662567456564,
        "validation_td_auc_75": 0.603082557519277,
        "validation_primary_metric": 0.5321633418401083
      },
      "fit_time_sec": 26.723380041999917,
      "n_trials_completed": 8,
      "params": {
        "hidden_layers": "128",
        "activation": "gelu",
        "dropout": 0.16160146601037761,
        "batch_norm": false,
        "optimizer": "adam",
        "lr": 0.004316871138429612,
        "weight_decay": 1.815145649657757e-06,
        "batch_size": 64,
        "max_epochs": 107,
        "patience": 28,
        "device": "auto"
      },
      "status": "success",
      "error": null,
      "error_type": null
    }
  ]
}